file,class,method,constructor,line,cbo,cboModified,fanin,fanout,wmc,rfc,loc,returnsQty,variablesQty,parametersQty,methodsInvokedQty,methodsInvokedLocalQty,methodsInvokedIndirectLocalQty,loopQty,comparisonsQty,tryCatchQty,parenthesizedExpsQty,stringLiteralsQty,numbersQty,assignmentsQty,mathOperationsQty,maxNestedBlocksQty,anonymousClassesQty,innerClassesQty,lambdasQty,uniqueWordsQty,modifiers,logStatementsQty,hasJavaDoc
C:\Users\tarci\Desktop\Lab02_Caracteristicas-de-Qualidade-de-Sistemas-Java\.\scripts\EnterpriseQualityCoding-FizzBuzzEnterpriseEdition\src\main\java\com\seriouscompany\business\java\fizzbuzz\packagenamingpackage\impl\loop\LoopCondition.java,com.seriouscompany.business.java.fizzbuzz.packagenamingpackage.impl.loop.LoopCondition,"evaluateLoop/2[int,int]",false,19,1,1,1,0,3,1,12,3,1,2,1,0,0,0,2,0,0,0,0,1,0,1,0,0,0,15,1,0,true
C:\Users\tarci\Desktop\Lab02_Caracteristicas-de-Qualidade-de-Sistemas-Java\.\scripts\EnterpriseQualityCoding-FizzBuzzEnterpriseEdition\src\main\java\com\seriouscompany\business\java\fizzbuzz\packagenamingpackage\impl\printers\IntegerPrinter.java,com.seriouscompany.business.java.fizzbuzz.packagenamingpackage.impl.printers.IntegerPrinter,IntegerPrinter/1[com.seriouscompany.business.java.fizzbuzz.packagenamingpackage.impl.printers.SystemOutFizzBuzzOutputStrategyFactory],true,20,2,0,0,0,1,0,4,0,0,1,0,0,0,0,0,0,0,0,0,1,0,0,0,0,0,10,1,0,true
C:\Users\tarci\Desktop\Lab02_Caracteristicas-de-Qualidade-de-Sistemas-Java\.\scripts\EnterpriseQualityCoding-FizzBuzzEnterpriseEdition\src\main\java\com\seriouscompany\business\java\fizzbuzz\packagenamingpackage\impl\factories\NewLineStringReturnerFactory.java,com.seriouscompany.business.java.fizzbuzz.packagenamingpackage.impl.factories.NewLineStringReturnerFactory,createStringStringReturner/0,false,32,2,1,1,0,1,0,3,1,0,0,0,0,0,0,0,0,0,0,0,0,0,0,0,0,0,3,1,0,true
C:\Users\tarci\Desktop\Lab02_Caracteristicas-de-Qualidade-de-Sistemas-Java\.\scripts\EnterpriseQualityCoding-FizzBuzzEnterpriseEdition\src\main\java\com\seriouscompany\business\java\fizzbuzz\packagenamingpackage\impl\factories\NewLineStringReturnerFactory.java,com.seriouscompany.business.java.fizzbuzz.packagenamingpackage.impl.factories.NewLineStringReturnerFactory,NewLineStringReturnerFactory/1[com.seriouscompany.business.java.fizzbuzz.packagenamingpackage.impl.factories.NewLineStringReturner],true,23,2,0,0,0,1,0,4,0,0,1,0,0,0,0,0,0,0,0,0,1,0,0,0,0,0,6,1,0,true
C:\Users\tarci\Desktop\Lab02_Caracteristicas-de-Qualidade-de-Sistemas-Java\.\scripts\EnterpriseQualityCoding-FizzBuzzEnterpriseEdition\src\main\java\com\seriouscompany\business\java\fizzbuzz\packagenamingpackage\impl\StandardFizzBuzz.java,com.seriouscompany.business.java.fizzbuzz.packagenamingpackage.impl.StandardFizzBuzz,fizzBuzz/1[int],false,30,1,0,0,0,1,2,4,0,1,1,2,0,0,0,0,0,0,0,0,1,0,0,0,0,0,9,1,0,true
C:\Users\tarci\Desktop\Lab02_Caracteristicas-de-Qualidade-de-Sistemas-Java\.\scripts\EnterpriseQualityCoding-FizzBuzzEnterpriseEdition\src\main\java\com\seriouscompany\business\java\fizzbuzz\packagenamingpackage\impl\StandardFizzBuzz.java,com.seriouscompany.business.java.fizzbuzz.packagenamingpackage.impl.StandardFizzBuzz,StandardFizzBuzz/1[com.seriouscompany.business.java.fizzbuzz.packagenamingpackage.impl.FizzBuzzSolutionStrategyFactory],true,22,2,0,0,0,1,0,4,0,0,1,0,0,0,0,0,0,0,0,0,1,0,0,0,0,0,7,1,0,true
C:\Users\tarci\Desktop\Lab02_Caracteristicas-de-Qualidade-de-Sistemas-Java\.\scripts\EnterpriseQualityCoding-FizzBuzzEnterpriseEdition\src\main\java\com\seriouscompany\business\java\fizzbuzz\packagenamingpackage\impl\factories\BuzzStringPrinterFactory.java,com.seriouscompany.business.java.fizzbuzz.packagenamingpackage.impl.factories.BuzzStringPrinterFactory,createStringPrinter/0,false,31,2,0,0,0,1,0,3,1,0,0,0,0,0,0,0,0,0,0,0,0,0,0,0,0,0,3,1,0,true
C:\Users\tarci\Desktop\Lab02_Caracteristicas-de-Qualidade-de-Sistemas-Java\.\scripts\EnterpriseQualityCoding-FizzBuzzEnterpriseEdition\src\main\java\com\seriouscompany\business\java\fizzbuzz\packagenamingpackage\impl\factories\BuzzStringPrinterFactory.java,com.seriouscompany.business.java.fizzbuzz.packagenamingpackage.impl.factories.BuzzStringPrinterFactory,BuzzStringPrinterFactory/1[com.seriouscompany.business.java.fizzbuzz.packagenamingpackage.impl.printers.BuzzStringPrinter],true,22,2,0,0,0,1,0,4,0,0,1,0,0,0,0,0,0,0,0,0,1,0,0,0,0,0,5,1,0,true
C:\Users\tarci\Desktop\Lab02_Caracteristicas-de-Qualidade-de-Sistemas-Java\.\scripts\EnterpriseQualityCoding-FizzBuzzEnterpriseEdition\src\main\java\com\seriouscompany\business\java\fizzbuzz\packagenamingpackage\impl\printers\NewLineStringPrinter.java,com.seriouscompany.business.java.fizzbuzz.packagenamingpackage.impl.printers.NewLineStringPrinter,print/0,false,37,3,2,1,1,1,4,6,0,3,0,4,0,0,0,0,0,0,0,0,3,0,0,0,0,0,14,1,0,true
C:\Users\tarci\Desktop\Lab02_Caracteristicas-de-Qualidade-de-Sistemas-Java\.\scripts\EnterpriseQualityCoding-FizzBuzzEnterpriseEdition\src\main\java\com\seriouscompany\business\java\fizzbuzz\packagenamingpackage\impl\printers\NewLineStringPrinter.java,com.seriouscompany.business.java.fizzbuzz.packagenamingpackage.impl.printers.NewLineStringPrinter,printValue/1[java.lang.Object],false,52,1,1,0,1,1,1,3,0,0,1,1,1,1,0,0,0,0,0,0,0,0,0,0,0,0,4,1,0,true
C:\Users\tarci\Desktop\Lab02_Caracteristicas-de-Qualidade-de-Sistemas-Java\.\scripts\EnterpriseQualityCoding-FizzBuzzEnterpriseEdition\src\main\java\com\seriouscompany\business\java\fizzbuzz\packagenamingpackage\impl\printers\NewLineStringPrinter.java,com.seriouscompany.business.java.fizzbuzz.packagenamingpackage.impl.printers.NewLineStringPrinter,"NewLineStringPrinter/2[com.seriouscompany.business.java.fizzbuzz.packagenamingpackage.impl.factories.NewLineStringReturnerFactory,com.seriouscompany.business.java.fizzbuzz.packagenamingpackage.impl.printers.SystemOutFizzBuzzOutputStrategyFactory]",true,28,3,0,0,0,1,0,5,0,0,2,0,0,0,0,0,0,0,0,0,2,0,0,0,0,0,14,1,0,true
C:\Users\tarci\Desktop\Lab02_Caracteristicas-de-Qualidade-de-Sistemas-Java\.\scripts\EnterpriseQualityCoding-FizzBuzzEnterpriseEdition\src\main\java\com\seriouscompany\business\java\fizzbuzz\packagenamingpackage\impl\ApplicationContextHolder.java,com.seriouscompany.business.java.fizzbuzz.packagenamingpackage.impl.ApplicationContextHolder$ApplicationContextReferenceUpdater,updateApplicationContextReference/1[com.seriouscompany.business.java.fizzbuzz.packagenamingpackage.impl.ApplicationContext],false,20,1,1,1,0,1,0,3,0,0,1,0,0,0,0,0,0,0,0,0,1,0,0,0,0,0,5,0,0,false
C:\Users\tarci\Desktop\Lab02_Caracteristicas-de-Qualidade-de-Sistemas-Java\.\scripts\EnterpriseQualityCoding-FizzBuzzEnterpriseEdition\src\main\java\com\seriouscompany\business\java\fizzbuzz\packagenamingpackage\impl\factories\LoopComponentFactory.java,com.seriouscompany.business.java.fizzbuzz.packagenamingpackage.impl.factories.LoopComponentFactory,"LoopComponentFactory/3[com.seriouscompany.business.java.fizzbuzz.packagenamingpackage.impl.loop.LoopCondition,com.seriouscompany.business.java.fizzbuzz.packagenamingpackage.impl.loop.LoopInitializer,com.seriouscompany.business.java.fizzbuzz.packagenamingpackage.impl.loop.LoopStep]",true,30,4,0,0,0,1,0,6,0,0,3,0,0,0,0,0,0,0,0,0,3,0,0,0,0,0,7,1,0,true
C:\Users\tarci\Desktop\Lab02_Caracteristicas-de-Qualidade-de-Sistemas-Java\.\scripts\EnterpriseQualityCoding-FizzBuzzEnterpriseEdition\src\main\java\com\seriouscompany\business\java\fizzbuzz\packagenamingpackage\impl\factories\LoopComponentFactory.java,com.seriouscompany.business.java.fizzbuzz.packagenamingpackage.impl.factories.LoopComponentFactory,createLoopFinalizer/1[int],false,55,1,2,1,1,1,0,4,1,1,1,0,0,0,0,0,0,0,0,0,1,0,0,0,0,0,7,1,0,true
C:\Users\tarci\Desktop\Lab02_Caracteristicas-de-Qualidade-de-Sistemas-Java\.\scripts\EnterpriseQualityCoding-FizzBuzzEnterpriseEdition\src\main\java\com\seriouscompany\business\java\fizzbuzz\packagenamingpackage\impl\factories\LoopComponentFactory.java,com.seriouscompany.business.java.fizzbuzz.packagenamingpackage.impl.factories.LoopComponentFactory,createLoopCondition/0,false,40,1,1,1,0,1,0,3,1,0,0,0,0,0,0,0,0,0,0,0,0,0,0,0,0,0,3,1,0,true
C:\Users\tarci\Desktop\Lab02_Caracteristicas-de-Qualidade-de-Sistemas-Java\.\scripts\EnterpriseQualityCoding-FizzBuzzEnterpriseEdition\src\main\java\com\seriouscompany\business\java\fizzbuzz\packagenamingpackage\impl\factories\LoopComponentFactory.java,com.seriouscompany.business.java.fizzbuzz.packagenamingpackage.impl.factories.LoopComponentFactory,createLoopInitializer/0,false,47,1,1,1,0,1,0,3,1,0,0,0,0,0,0,0,0,0,0,0,0,0,0,0,0,0,3,1,0,true
C:\Users\tarci\Desktop\Lab02_Caracteristicas-de-Qualidade-de-Sistemas-Java\.\scripts\EnterpriseQualityCoding-FizzBuzzEnterpriseEdition\src\main\java\com\seriouscompany\business\java\fizzbuzz\packagenamingpackage\impl\factories\LoopComponentFactory.java,com.seriouscompany.business.java.fizzbuzz.packagenamingpackage.impl.factories.LoopComponentFactory,createLoopStep/0,false,63,1,1,1,0,1,0,3,1,0,0,0,0,0,0,0,0,0,0,0,0,0,0,0,0,0,3,1,0,true
C:\Users\tarci\Desktop\Lab02_Caracteristicas-de-Qualidade-de-Sistemas-Java\.\scripts\EnterpriseQualityCoding-FizzBuzzEnterpriseEdition\src\main\java\com\seriouscompany\business\java\fizzbuzz\packagenamingpackage\impl\factories\FizzStringPrinterFactory.java,com.seriouscompany.business.java.fizzbuzz.packagenamingpackage.impl.factories.FizzStringPrinterFactory,FizzStringPrinterFactory/1[com.seriouscompany.business.java.fizzbuzz.packagenamingpackage.impl.printers.FizzStringPrinter],true,22,2,0,0,0,1,0,4,0,0,1,0,0,0,0,0,0,0,0,0,1,0,0,0,0,0,5,1,0,true
C:\Users\tarci\Desktop\Lab02_Caracteristicas-de-Qualidade-de-Sistemas-Java\.\scripts\EnterpriseQualityCoding-FizzBuzzEnterpriseEdition\src\main\java\com\seriouscompany\business\java\fizzbuzz\packagenamingpackage\impl\factories\FizzStringPrinterFactory.java,com.seriouscompany.business.java.fizzbuzz.packagenamingpackage.impl.factories.FizzStringPrinterFactory,createStringPrinter/0,false,31,2,0,0,0,1,0,3,1,0,0,0,0,0,0,0,0,0,0,0,0,0,0,0,0,0,3,1,0,true
C:\Users\tarci\Desktop\Lab02_Caracteristicas-de-Qualidade-de-Sistemas-Java\.\scripts\EnterpriseQualityCoding-FizzBuzzEnterpriseEdition\src\main\java\com\seriouscompany\business\java\fizzbuzz\packagenamingpackage\impl\factories\FizzStringReturnerFactory.java,com.seriouscompany.business.java.fizzbuzz.packagenamingpackage.impl.factories.FizzStringReturnerFactory,createStringStringReturner/0,false,31,2,1,1,0,1,0,3,1,0,0,0,0,0,0,0,0,0,0,0,0,0,0,0,0,0,3,1,0,true
C:\Users\tarci\Desktop\Lab02_Caracteristicas-de-Qualidade-de-Sistemas-Java\.\scripts\EnterpriseQualityCoding-FizzBuzzEnterpriseEdition\src\main\java\com\seriouscompany\business\java\fizzbuzz\packagenamingpackage\impl\factories\FizzStringReturnerFactory.java,com.seriouscompany.business.java.fizzbuzz.packagenamingpackage.impl.factories.FizzStringReturnerFactory,FizzStringReturnerFactory/1[com.seriouscompany.business.java.fizzbuzz.packagenamingpackage.impl.factories.FizzStringReturner],true,22,2,0,0,0,1,0,4,0,0,1,0,0,0,0,0,0,0,0,0,1,0,0,0,0,0,5,1,0,true
C:\Users\tarci\Desktop\Lab02_Caracteristicas-de-Qualidade-de-Sistemas-Java\.\scripts\EnterpriseQualityCoding-FizzBuzzEnterpriseEdition\src\main\java\com\seriouscompany\business\java\fizzbuzz\packagenamingpackage\impl\factories\NewLineStringPrinterFactory.java,com.seriouscompany.business.java.fizzbuzz.packagenamingpackage.impl.factories.NewLineStringPrinterFactory,createStringPrinter/0,false,31,2,0,0,0,1,0,3,1,0,0,0,0,0,0,0,0,0,0,0,0,0,0,0,0,0,3,1,0,true
C:\Users\tarci\Desktop\Lab02_Caracteristicas-de-Qualidade-de-Sistemas-Java\.\scripts\EnterpriseQualityCoding-FizzBuzzEnterpriseEdition\src\main\java\com\seriouscompany\business\java\fizzbuzz\packagenamingpackage\impl\factories\NewLineStringPrinterFactory.java,com.seriouscompany.business.java.fizzbuzz.packagenamingpackage.impl.factories.NewLineStringPrinterFactory,NewLineStringPrinterFactory/1[com.seriouscompany.business.java.fizzbuzz.packagenamingpackage.impl.printers.NewLineStringPrinter],true,22,2,0,0,0,1,0,4,0,0,1,0,0,0,0,0,0,0,0,0,1,0,0,0,0,0,6,1,0,true
C:\Users\tarci\Desktop\Lab02_Caracteristicas-de-Qualidade-de-Sistemas-Java\.\scripts\EnterpriseQualityCoding-FizzBuzzEnterpriseEdition\src\main\java\com\seriouscompany\business\java\fizzbuzz\packagenamingpackage\impl\strategies\FizzStrategy.java,com.seriouscompany.business.java.fizzbuzz.packagenamingpackage.impl.strategies.FizzStrategy,isEvenlyDivisible/1[int],false,19,0,0,0,0,2,1,8,2,0,1,1,0,0,0,0,0,0,0,0,0,0,1,0,0,0,7,1,0,true
C:\Users\tarci\Desktop\Lab02_Caracteristicas-de-Qualidade-de-Sistemas-Java\.\scripts\EnterpriseQualityCoding-FizzBuzzEnterpriseEdition\src\main\java\com\seriouscompany\business\java\fizzbuzz\packagenamingpackage\impl\strategies\NoFizzNoBuzzStrategy.java,com.seriouscompany.business.java.fizzbuzz.packagenamingpackage.impl.strategies.NoFizzNoBuzzStrategy,isEvenlyDivisible/1[int],false,19,0,0,0,0,5,1,21,5,0,1,1,0,0,0,0,0,0,0,0,0,0,2,0,0,0,7,1,0,true
C:\Users\tarci\Desktop\Lab02_Caracteristicas-de-Qualidade-de-Sistemas-Java\.\scripts\EnterpriseQualityCoding-FizzBuzzEnterpriseEdition\src\main\java\com\seriouscompany\business\java\fizzbuzz\packagenamingpackage\impl\strategies\BuzzStrategy.java,com.seriouscompany.business.java.fizzbuzz.packagenamingpackage.impl.strategies.BuzzStrategy,isEvenlyDivisible/1[int],false,19,0,0,0,0,2,1,8,2,0,1,1,0,0,0,0,0,0,0,0,0,0,1,0,0,0,7,1,0,true
C:\Users\tarci\Desktop\Lab02_Caracteristicas-de-Qualidade-de-Sistemas-Java\.\scripts\EnterpriseQualityCoding-FizzBuzzEnterpriseEdition\src\main\java\com\seriouscompany\business\java\fizzbuzz\packagenamingpackage\impl\strategies\SingleStepPayload.java,com.seriouscompany.business.java.fizzbuzz.packagenamingpackage.impl.strategies.SingleStepPayload,SingleStepPayload/1[com.seriouscompany.business.java.fizzbuzz.packagenamingpackage.impl.strategies.OutputGenerationStrategy],true,23,2,0,0,0,1,0,4,0,0,1,0,0,0,0,0,0,0,0,0,1,0,0,0,0,0,7,1,0,true
C:\Users\tarci\Desktop\Lab02_Caracteristicas-de-Qualidade-de-Sistemas-Java\.\scripts\EnterpriseQualityCoding-FizzBuzzEnterpriseEdition\src\main\java\com\seriouscompany\business\java\fizzbuzz\packagenamingpackage\impl\strategies\SingleStepPayload.java,com.seriouscompany.business.java.fizzbuzz.packagenamingpackage.impl.strategies.SingleStepPayload,runLoopPayload/1[com.seriouscompany.business.java.fizzbuzz.packagenamingpackage.impl.strategies.LoopContextStateRetrieval],false,33,2,0,0,0,1,1,4,0,1,1,1,0,0,0,0,0,0,0,0,1,0,0,0,0,0,14,1,0,true
C:\Users\tarci\Desktop\Lab02_Caracteristicas-de-Qualidade-de-Sistemas-Java\.\scripts\EnterpriseQualityCoding-FizzBuzzEnterpriseEdition\src\main\java\com\seriouscompany\business\java\fizzbuzz\packagenamingpackage\impl\loop\LoopContext.java,com.seriouscompany.business.java.fizzbuzz.packagenamingpackage.impl.loop.LoopContext,proceed/0,false,60,1,1,0,1,1,1,3,0,0,0,1,0,0,0,0,0,0,0,0,1,0,0,0,0,0,1,1,0,true
C:\Users\tarci\Desktop\Lab02_Caracteristicas-de-Qualidade-de-Sistemas-Java\.\scripts\EnterpriseQualityCoding-FizzBuzzEnterpriseEdition\src\main\java\com\seriouscompany\business\java\fizzbuzz\packagenamingpackage\impl\loop\LoopContext.java,com.seriouscompany.business.java.fizzbuzz.packagenamingpackage.impl.loop.LoopContext,start/0,false,42,1,1,0,1,1,1,3,0,0,0,1,0,0,0,0,0,0,0,0,1,0,0,0,0,0,1,1,0,true
C:\Users\tarci\Desktop\Lab02_Caracteristicas-de-Qualidade-de-Sistemas-Java\.\scripts\EnterpriseQualityCoding-FizzBuzzEnterpriseEdition\src\main\java\com\seriouscompany\business\java\fizzbuzz\packagenamingpackage\impl\loop\LoopContext.java,com.seriouscompany.business.java.fizzbuzz.packagenamingpackage.impl.loop.LoopContext,shouldProceed/0,false,51,2,2,0,2,1,2,3,1,0,0,2,0,0,0,0,0,0,0,0,0,0,0,0,0,0,2,1,0,true
C:\Users\tarci\Desktop\Lab02_Caracteristicas-de-Qualidade-de-Sistemas-Java\.\scripts\EnterpriseQualityCoding-FizzBuzzEnterpriseEdition\src\main\java\com\seriouscompany\business\java\fizzbuzz\packagenamingpackage\impl\loop\LoopContext.java,com.seriouscompany.business.java.fizzbuzz.packagenamingpackage.impl.loop.LoopContext,LoopContext/1[int],true,26,4,4,0,4,1,6,10,0,2,1,6,0,0,0,0,0,1,0,0,6,0,0,0,0,0,16,1,0,true
C:\Users\tarci\Desktop\Lab02_Caracteristicas-de-Qualidade-de-Sistemas-Java\.\scripts\EnterpriseQualityCoding-FizzBuzzEnterpriseEdition\src\main\java\com\seriouscompany\business\java\fizzbuzz\packagenamingpackage\impl\loop\LoopContext.java,com.seriouscompany.business.java.fizzbuzz.packagenamingpackage.impl.loop.LoopContext,getControlParameter/0,false,69,0,0,0,0,1,0,3,1,0,0,0,0,0,0,0,0,0,0,0,0,0,0,0,0,0,3,1,0,true
C:\Users\tarci\Desktop\Lab02_Caracteristicas-de-Qualidade-de-Sistemas-Java\.\scripts\EnterpriseQualityCoding-FizzBuzzEnterpriseEdition\src\main\java\com\seriouscompany\business\java\fizzbuzz\packagenamingpackage\impl\printers\FizzStringPrinter.java,com.seriouscompany.business.java.fizzbuzz.packagenamingpackage.impl.printers.FizzStringPrinter,print/0,false,37,3,2,1,1,1,4,5,0,2,0,4,0,0,0,0,0,0,0,0,2,0,0,0,0,0,12,1,0,true
C:\Users\tarci\Desktop\Lab02_Caracteristicas-de-Qualidade-de-Sistemas-Java\.\scripts\EnterpriseQualityCoding-FizzBuzzEnterpriseEdition\src\main\java\com\seriouscompany\business\java\fizzbuzz\packagenamingpackage\impl\printers\FizzStringPrinter.java,com.seriouscompany.business.java.fizzbuzz.packagenamingpackage.impl.printers.FizzStringPrinter,printValue/1[java.lang.Object],false,51,1,1,0,1,1,1,3,0,0,1,1,1,1,0,0,0,0,0,0,0,0,0,0,0,0,4,1,0,true
C:\Users\tarci\Desktop\Lab02_Caracteristicas-de-Qualidade-de-Sistemas-Java\.\scripts\EnterpriseQualityCoding-FizzBuzzEnterpriseEdition\src\main\java\com\seriouscompany\business\java\fizzbuzz\packagenamingpackage\impl\printers\FizzStringPrinter.java,com.seriouscompany.business.java.fizzbuzz.packagenamingpackage.impl.printers.FizzStringPrinter,"FizzStringPrinter/2[com.seriouscompany.business.java.fizzbuzz.packagenamingpackage.impl.factories.FizzStringReturnerFactory,com.seriouscompany.business.java.fizzbuzz.packagenamingpackage.impl.printers.SystemOutFizzBuzzOutputStrategyFactory]",true,28,3,0,0,0,1,0,5,0,0,2,0,0,0,0,0,0,0,0,0,2,0,0,0,0,0,12,1,0,true
C:\Users\tarci\Desktop\Lab02_Caracteristicas-de-Qualidade-de-Sistemas-Java\.\scripts\EnterpriseQualityCoding-FizzBuzzEnterpriseEdition\src\main\java\com\seriouscompany\business\java\fizzbuzz\packagenamingpackage\impl\loop\LoopStep.java,com.seriouscompany.business.java.fizzbuzz.packagenamingpackage.impl.loop.LoopStep,stepLoop/1[int],false,17,0,1,1,0,1,0,3,1,0,1,0,0,0,0,0,0,0,0,0,0,1,0,0,0,0,5,1,0,true
C:\Users\tarci\Desktop\Lab02_Caracteristicas-de-Qualidade-de-Sistemas-Java\.\scripts\EnterpriseQualityCoding-FizzBuzzEnterpriseEdition\src\main\java\com\seriouscompany\business\java\fizzbuzz\packagenamingpackage\impl\printers\NewLinePrinter.java,com.seriouscompany.business.java.fizzbuzz.packagenamingpackage.impl.printers.NewLinePrinter,NewLinePrinter/1[com.seriouscompany.business.java.fizzbuzz.packagenamingpackage.impl.printers.SystemOutFizzBuzzOutputStrategyFactory],true,20,2,0,0,0,1,0,4,0,0,1,0,0,0,0,0,0,0,0,0,1,0,0,0,0,0,11,1,0,true
C:\Users\tarci\Desktop\Lab02_Caracteristicas-de-Qualidade-de-Sistemas-Java\.\scripts\EnterpriseQualityCoding-FizzBuzzEnterpriseEdition\src\main\java\com\seriouscompany\business\java\fizzbuzz\packagenamingpackage\impl\factories\FizzStrategyFactory.java,com.seriouscompany.business.java.fizzbuzz.packagenamingpackage.impl.factories.FizzStrategyFactory,FizzStrategyFactory/1[com.seriouscompany.business.java.fizzbuzz.packagenamingpackage.impl.strategies.FizzStrategy],true,22,2,0,0,0,1,0,4,0,0,1,0,0,0,0,0,0,0,0,0,1,0,0,0,0,0,4,1,0,true
C:\Users\tarci\Desktop\Lab02_Caracteristicas-de-Qualidade-de-Sistemas-Java\.\scripts\EnterpriseQualityCoding-FizzBuzzEnterpriseEdition\src\main\java\com\seriouscompany\business\java\fizzbuzz\packagenamingpackage\impl\factories\FizzStrategyFactory.java,com.seriouscompany.business.java.fizzbuzz.packagenamingpackage.impl.factories.FizzStrategyFactory,createIsEvenlyDivisibleStrategy/0,false,31,2,0,0,0,1,0,3,1,0,0,0,0,0,0,0,0,0,0,0,0,0,0,0,0,0,5,1,0,true
C:\Users\tarci\Desktop\Lab02_Caracteristicas-de-Qualidade-de-Sistemas-Java\.\scripts\EnterpriseQualityCoding-FizzBuzzEnterpriseEdition\src\main\java\com\seriouscompany\business\java\fizzbuzz\packagenamingpackage\impl\ApplicationContextHolder.java,com.seriouscompany.business.java.fizzbuzz.packagenamingpackage.impl.ApplicationContextHolder,ApplicationContextHolder/0,true,32,0,0,0,0,1,0,3,0,0,0,0,0,0,0,0,0,0,0,0,0,0,0,0,0,0,3,2,0,false
C:\Users\tarci\Desktop\Lab02_Caracteristicas-de-Qualidade-de-Sistemas-Java\.\scripts\EnterpriseQualityCoding-FizzBuzzEnterpriseEdition\src\main\java\com\seriouscompany\business\java\fizzbuzz\packagenamingpackage\impl\ApplicationContextHolder.java,com.seriouscompany.business.java.fizzbuzz.packagenamingpackage.impl.ApplicationContextHolder,setApplicationContext/1[com.seriouscompany.business.java.fizzbuzz.packagenamingpackage.impl.ApplicationContext],false,41,2,1,0,1,1,1,3,0,0,1,1,0,0,0,0,0,0,0,0,0,0,0,0,0,0,6,1,0,true
C:\Users\tarci\Desktop\Lab02_Caracteristicas-de-Qualidade-de-Sistemas-Java\.\scripts\EnterpriseQualityCoding-FizzBuzzEnterpriseEdition\src\main\java\com\seriouscompany\business\java\fizzbuzz\packagenamingpackage\impl\ApplicationContextHolder.java,com.seriouscompany.business.java.fizzbuzz.packagenamingpackage.impl.ApplicationContextHolder,getApplicationContext/0,false,48,1,0,0,0,1,0,3,1,0,0,0,0,0,0,0,0,0,0,0,0,0,0,0,0,0,3,9,0,true
C:\Users\tarci\Desktop\Lab02_Caracteristicas-de-Qualidade-de-Sistemas-Java\.\scripts\EnterpriseQualityCoding-FizzBuzzEnterpriseEdition\src\main\java\com\seriouscompany\business\java\fizzbuzz\packagenamingpackage\impl\printers\IntegerIntegerPrinter.java,com.seriouscompany.business.java.fizzbuzz.packagenamingpackage.impl.printers.IntegerIntegerPrinter,printInteger/1[int],false,37,2,1,1,0,1,4,6,0,3,1,4,0,0,0,0,0,0,0,0,3,0,0,0,0,0,14,1,0,true
C:\Users\tarci\Desktop\Lab02_Caracteristicas-de-Qualidade-de-Sistemas-Java\.\scripts\EnterpriseQualityCoding-FizzBuzzEnterpriseEdition\src\main\java\com\seriouscompany\business\java\fizzbuzz\packagenamingpackage\impl\printers\IntegerIntegerPrinter.java,com.seriouscompany.business.java.fizzbuzz.packagenamingpackage.impl.printers.IntegerIntegerPrinter,printValue/1[java.lang.Object],false,61,1,1,0,1,1,1,3,0,0,1,1,1,1,0,0,0,0,0,0,0,0,0,0,0,0,5,1,0,true
C:\Users\tarci\Desktop\Lab02_Caracteristicas-de-Qualidade-de-Sistemas-Java\.\scripts\EnterpriseQualityCoding-FizzBuzzEnterpriseEdition\src\main\java\com\seriouscompany\business\java\fizzbuzz\packagenamingpackage\impl\printers\IntegerIntegerPrinter.java,com.seriouscompany.business.java.fizzbuzz.packagenamingpackage.impl.printers.IntegerIntegerPrinter,"IntegerIntegerPrinter/2[com.seriouscompany.business.java.fizzbuzz.packagenamingpackage.impl.printers.IntegerIntegerStringReturnerFactory,com.seriouscompany.business.java.fizzbuzz.packagenamingpackage.impl.printers.SystemOutFizzBuzzOutputStrategyFactory]",true,28,3,0,0,0,1,0,5,0,0,2,0,0,0,0,0,0,0,0,0,2,0,0,0,0,0,13,1,0,true
C:\Users\tarci\Desktop\Lab02_Caracteristicas-de-Qualidade-de-Sistemas-Java\.\scripts\EnterpriseQualityCoding-FizzBuzzEnterpriseEdition\src\main\java\com\seriouscompany\business\java\fizzbuzz\packagenamingpackage\impl\printers\IntegerIntegerPrinter.java,com.seriouscompany.business.java.fizzbuzz.packagenamingpackage.impl.printers.IntegerIntegerPrinter,print/0,false,52,0,0,0,0,1,0,3,0,0,0,0,0,0,0,0,0,0,0,0,0,0,0,0,0,0,4,1,0,true
C:\Users\tarci\Desktop\Lab02_Caracteristicas-de-Qualidade-de-Sistemas-Java\.\scripts\EnterpriseQualityCoding-FizzBuzzEnterpriseEdition\src\main\java\com\seriouscompany\business\java\fizzbuzz\packagenamingpackage\impl\printers\FizzPrinter.java,com.seriouscompany.business.java.fizzbuzz.packagenamingpackage.impl.printers.FizzPrinter,FizzPrinter/1[com.seriouscompany.business.java.fizzbuzz.packagenamingpackage.impl.printers.SystemOutFizzBuzzOutputStrategyFactory],true,20,2,0,0,0,1,0,4,0,0,1,0,0,0,0,0,0,0,0,0,1,0,0,0,0,0,9,1,0,true
C:\Users\tarci\Desktop\Lab02_Caracteristicas-de-Qualidade-de-Sistemas-Java\.\scripts\EnterpriseQualityCoding-FizzBuzzEnterpriseEdition\src\main\java\com\seriouscompany\business\java\fizzbuzz\packagenamingpackage\impl\factories\NoFizzNoBuzzStrategyFactory.java,com.seriouscompany.business.java.fizzbuzz.packagenamingpackage.impl.factories.NoFizzNoBuzzStrategyFactory,NoFizzNoBuzzStrategyFactory/1[com.seriouscompany.business.java.fizzbuzz.packagenamingpackage.impl.strategies.NoFizzNoBuzzStrategy],true,23,2,0,0,0,1,0,4,0,0,1,0,0,0,0,0,0,0,0,0,1,0,0,0,0,0,6,1,0,true
C:\Users\tarci\Desktop\Lab02_Caracteristicas-de-Qualidade-de-Sistemas-Java\.\scripts\EnterpriseQualityCoding-FizzBuzzEnterpriseEdition\src\main\java\com\seriouscompany\business\java\fizzbuzz\packagenamingpackage\impl\factories\NoFizzNoBuzzStrategyFactory.java,com.seriouscompany.business.java.fizzbuzz.packagenamingpackage.impl.factories.NoFizzNoBuzzStrategyFactory,createIsEvenlyDivisibleStrategy/0,false,32,2,0,0,0,1,0,3,1,0,0,0,0,0,0,0,0,0,0,0,0,0,0,0,0,0,5,1,0,true
C:\Users\tarci\Desktop\Lab02_Caracteristicas-de-Qualidade-de-Sistemas-Java\.\scripts\EnterpriseQualityCoding-FizzBuzzEnterpriseEdition\src\main\java\com\seriouscompany\business\java\fizzbuzz\packagenamingpackage\impl\factories\BuzzStringReturnerFactory.java,com.seriouscompany.business.java.fizzbuzz.packagenamingpackage.impl.factories.BuzzStringReturnerFactory,BuzzStringReturnerFactory/1[com.seriouscompany.business.java.fizzbuzz.packagenamingpackage.impl.factories.BuzzStringReturner],true,22,2,0,0,0,1,0,4,0,0,1,0,0,0,0,0,0,0,0,0,1,0,0,0,0,0,5,1,0,true
C:\Users\tarci\Desktop\Lab02_Caracteristicas-de-Qualidade-de-Sistemas-Java\.\scripts\EnterpriseQualityCoding-FizzBuzzEnterpriseEdition\src\main\java\com\seriouscompany\business\java\fizzbuzz\packagenamingpackage\impl\factories\BuzzStringReturnerFactory.java,com.seriouscompany.business.java.fizzbuzz.packagenamingpackage.impl.factories.BuzzStringReturnerFactory,createStringStringReturner/0,false,31,2,1,1,0,1,0,3,1,0,0,0,0,0,0,0,0,0,0,0,0,0,0,0,0,0,3,1,0,true
C:\Users\tarci\Desktop\Lab02_Caracteristicas-de-Qualidade-de-Sistemas-Java\.\scripts\EnterpriseQualityCoding-FizzBuzzEnterpriseEdition\src\main\java\com\seriouscompany\business\java\fizzbuzz\packagenamingpackage\impl\Main.java,com.seriouscompany.business.java.fizzbuzz.packagenamingpackage.impl.Main,main/1[java.lang.String[]],false,19,6,0,0,0,1,4,7,0,3,1,4,0,0,0,0,0,1,0,0,3,0,0,0,0,0,17,9,0,true
C:\Users\tarci\Desktop\Lab02_Caracteristicas-de-Qualidade-de-Sistemas-Java\.\scripts\EnterpriseQualityCoding-FizzBuzzEnterpriseEdition\src\main\java\com\seriouscompany\business\java\fizzbuzz\packagenamingpackage\impl\factories\BuzzStrategyFactory.java,com.seriouscompany.business.java.fizzbuzz.packagenamingpackage.impl.factories.BuzzStrategyFactory,BuzzStrategyFactory/1[com.seriouscompany.business.java.fizzbuzz.packagenamingpackage.impl.strategies.BuzzStrategy],true,22,2,0,0,0,1,0,4,0,0,1,0,0,0,0,0,0,0,0,0,1,0,0,0,0,0,4,1,0,true
C:\Users\tarci\Desktop\Lab02_Caracteristicas-de-Qualidade-de-Sistemas-Java\.\scripts\EnterpriseQualityCoding-FizzBuzzEnterpriseEdition\src\main\java\com\seriouscompany\business\java\fizzbuzz\packagenamingpackage\impl\factories\BuzzStrategyFactory.java,com.seriouscompany.business.java.fizzbuzz.packagenamingpackage.impl.factories.BuzzStrategyFactory,createIsEvenlyDivisibleStrategy/0,false,31,2,0,0,0,1,0,3,1,0,0,0,0,0,0,0,0,0,0,0,0,0,0,0,0,0,5,1,0,true
C:\Users\tarci\Desktop\Lab02_Caracteristicas-de-Qualidade-de-Sistemas-Java\.\scripts\EnterpriseQualityCoding-FizzBuzzEnterpriseEdition\src\main\java\com\seriouscompany\business\java\fizzbuzz\packagenamingpackage\impl\loop\LoopFinalizer.java,com.seriouscompany.business.java.fizzbuzz.packagenamingpackage.impl.loop.LoopFinalizer,LoopFinalizer/1[int],true,13,0,1,1,0,1,0,4,0,0,1,0,0,0,0,0,0,0,0,0,1,0,0,0,0,0,5,1,0,true
C:\Users\tarci\Desktop\Lab02_Caracteristicas-de-Qualidade-de-Sistemas-Java\.\scripts\EnterpriseQualityCoding-FizzBuzzEnterpriseEdition\src\main\java\com\seriouscompany\business\java\fizzbuzz\packagenamingpackage\impl\loop\LoopFinalizer.java,com.seriouscompany.business.java.fizzbuzz.packagenamingpackage.impl.loop.LoopFinalizer,getLoopFinalizationPoint/0,false,21,0,1,1,0,1,0,3,1,0,0,0,0,0,0,0,0,0,0,0,0,0,0,0,0,0,4,1,0,true
C:\Users\tarci\Desktop\Lab02_Caracteristicas-de-Qualidade-de-Sistemas-Java\.\scripts\EnterpriseQualityCoding-FizzBuzzEnterpriseEdition\src\main\java\com\seriouscompany\business\java\fizzbuzz\packagenamingpackage\impl\printers\BuzzPrinter.java,com.seriouscompany.business.java.fizzbuzz.packagenamingpackage.impl.printers.BuzzPrinter,BuzzPrinter/1[com.seriouscompany.business.java.fizzbuzz.packagenamingpackage.impl.printers.SystemOutFizzBuzzOutputStrategyFactory],true,20,2,0,0,0,1,0,4,0,0,1,0,0,0,0,0,0,0,0,0,1,0,0,0,0,0,9,1,0,true
C:\Users\tarci\Desktop\Lab02_Caracteristicas-de-Qualidade-de-Sistemas-Java\.\scripts\EnterpriseQualityCoding-FizzBuzzEnterpriseEdition\src\main\java\com\seriouscompany\business\java\fizzbuzz\packagenamingpackage\impl\printers\BuzzStringPrinter.java,com.seriouscompany.business.java.fizzbuzz.packagenamingpackage.impl.printers.BuzzStringPrinter,print/0,false,37,3,2,1,1,1,4,5,0,2,0,4,0,0,0,0,0,0,0,0,2,0,0,0,0,0,12,1,0,true
C:\Users\tarci\Desktop\Lab02_Caracteristicas-de-Qualidade-de-Sistemas-Java\.\scripts\EnterpriseQualityCoding-FizzBuzzEnterpriseEdition\src\main\java\com\seriouscompany\business\java\fizzbuzz\packagenamingpackage\impl\printers\BuzzStringPrinter.java,com.seriouscompany.business.java.fizzbuzz.packagenamingpackage.impl.printers.BuzzStringPrinter,printValue/1[java.lang.Object],false,52,1,1,0,1,1,1,3,0,0,1,1,1,1,0,0,0,0,0,0,0,0,0,0,0,0,4,1,0,true
C:\Users\tarci\Desktop\Lab02_Caracteristicas-de-Qualidade-de-Sistemas-Java\.\scripts\EnterpriseQualityCoding-FizzBuzzEnterpriseEdition\src\main\java\com\seriouscompany\business\java\fizzbuzz\packagenamingpackage\impl\printers\BuzzStringPrinter.java,com.seriouscompany.business.java.fizzbuzz.packagenamingpackage.impl.printers.BuzzStringPrinter,"BuzzStringPrinter/2[com.seriouscompany.business.java.fizzbuzz.packagenamingpackage.impl.factories.BuzzStringReturnerFactory,com.seriouscompany.business.java.fizzbuzz.packagenamingpackage.impl.printers.SystemOutFizzBuzzOutputStrategyFactory]",true,28,3,0,0,0,1,0,5,0,0,2,0,0,0,0,0,0,0,0,0,2,0,0,0,0,0,12,1,0,true
C:\Users\tarci\Desktop\Lab02_Caracteristicas-de-Qualidade-de-Sistemas-Java\.\scripts\EnterpriseQualityCoding-FizzBuzzEnterpriseEdition\src\main\java\com\seriouscompany\business\java\fizzbuzz\packagenamingpackage\impl\loop\LoopRunner.java,com.seriouscompany.business.java.fizzbuzz.packagenamingpackage.impl.loop.LoopRunner,"LoopRunner/3[com.seriouscompany.business.java.fizzbuzz.packagenamingpackage.impl.loop.LoopContextStateManipulation,com.seriouscompany.business.java.fizzbuzz.packagenamingpackage.impl.loop.LoopContextStateRetrieval,com.seriouscompany.business.java.fizzbuzz.packagenamingpackage.impl.loop.LoopPayloadExecution]",true,22,3,0,0,0,1,0,6,0,0,3,0,0,0,0,0,0,0,0,0,3,0,0,0,0,0,10,1,0,true
C:\Users\tarci\Desktop\Lab02_Caracteristicas-de-Qualidade-de-Sistemas-Java\.\scripts\EnterpriseQualityCoding-FizzBuzzEnterpriseEdition\src\main\java\com\seriouscompany\business\java\fizzbuzz\packagenamingpackage\impl\loop\LoopRunner.java,com.seriouscompany.business.java.fizzbuzz.packagenamingpackage.impl.loop.LoopRunner,runLoop/0,false,32,0,0,0,0,2,4,5,0,0,0,4,0,0,1,0,0,0,0,0,0,0,1,0,0,0,2,1,0,true
C:\Users\tarci\Desktop\Lab02_Caracteristicas-de-Qualidade-de-Sistemas-Java\.\scripts\EnterpriseQualityCoding-FizzBuzzEnterpriseEdition\src\main\java\com\seriouscompany\business\java\fizzbuzz\packagenamingpackage\impl\loop\LoopInitializer.java,com.seriouscompany.business.java.fizzbuzz.packagenamingpackage.impl.loop.LoopInitializer,getLoopInitializationPoint/0,false,16,0,1,1,0,1,0,3,1,0,0,0,0,0,0,0,0,0,0,0,0,0,0,0,0,0,4,1,0,true
C:\Users\tarci\Desktop\Lab02_Caracteristicas-de-Qualidade-de-Sistemas-Java\.\scripts\EnterpriseQualityCoding-FizzBuzzEnterpriseEdition\src\main\java\com\seriouscompany\business\java\fizzbuzz\packagenamingpackage\impl\math\arithmetics\IntegerDivider.java,com.seriouscompany.business.java.fizzbuzz.packagenamingpackage.impl.math.arithmetics.IntegerDivider,"IntegerDivider/2[com.seriouscompany.business.java.fizzbuzz.packagenamingpackage.impl.math.arithmetics.FirstIsLargerThanSecondDoubleComparator,com.seriouscompany.business.java.fizzbuzz.packagenamingpackage.impl.math.arithmetics.FirstIsSmallerThanSecondDoubleComparator]",true,28,3,0,0,0,1,0,5,0,0,2,0,0,0,0,0,0,0,0,0,2,0,0,0,0,0,11,1,0,true
C:\Users\tarci\Desktop\Lab02_Caracteristicas-de-Qualidade-de-Sistemas-Java\.\scripts\EnterpriseQualityCoding-FizzBuzzEnterpriseEdition\src\main\java\com\seriouscompany\business\java\fizzbuzz\packagenamingpackage\impl\math\arithmetics\IntegerDivider.java,com.seriouscompany.business.java.fizzbuzz.packagenamingpackage.impl.math.arithmetics.IntegerDivider,"divide/2[int,int]",false,39,0,0,0,0,4,6,20,1,6,2,6,0,0,0,0,0,0,0,0,8,1,2,0,0,0,14,1,0,true
C:\Users\tarci\Desktop\Lab02_Caracteristicas-de-Qualidade-de-Sistemas-Java\.\scripts\EnterpriseQualityCoding-FizzBuzzEnterpriseEdition\src\main\java\com\seriouscompany\business\java\fizzbuzz\packagenamingpackage\impl\factories\IntegerIntegerPrinterFactory.java,com.seriouscompany.business.java.fizzbuzz.packagenamingpackage.impl.factories.IntegerIntegerPrinterFactory,createPrinter/0,false,31,2,0,0,0,1,0,3,1,0,0,0,0,0,0,0,0,0,0,0,0,0,0,0,0,0,3,1,0,true
C:\Users\tarci\Desktop\Lab02_Caracteristicas-de-Qualidade-de-Sistemas-Java\.\scripts\EnterpriseQualityCoding-FizzBuzzEnterpriseEdition\src\main\java\com\seriouscompany\business\java\fizzbuzz\packagenamingpackage\impl\factories\IntegerIntegerPrinterFactory.java,com.seriouscompany.business.java.fizzbuzz.packagenamingpackage.impl.factories.IntegerIntegerPrinterFactory,IntegerIntegerPrinterFactory/1[com.seriouscompany.business.java.fizzbuzz.packagenamingpackage.impl.printers.IntegerIntegerPrinter],true,22,2,0,0,0,1,0,4,0,0,1,0,0,0,0,0,0,0,0,0,1,0,0,0,0,0,4,1,0,true
